Economy,Tariff_Rate,Total_Import_Value_USD,Exempt_Import_Value_Old_USD,Exempt_Import_Value_New_USD,New_List_Composition,Census_Country_Codes
Algeria,+12.5% (additional duty on top of existing MFN/Col.1 rate),2235813601,2055655265,2068503197,Part A only,7210
Angola,+12.5% (additional duty on top of existing MFN/Col.1 rate),871134164,816729382,837328925,Part A only,7620
Argentina,+10% (additional duty on top of existing MFN/Col.1 rate),8283562038,4891724914,4985186361,Part A + Part I,3570
Australia,+12.5% (additional duty on top of existing MFN/Col.1 rate),28953283685,20948434218,21225433406,Part A only,6021
Bahamas,+12.5% (additional duty on top of existing MFN/Col.1 rate),2615232068,580319618,583602786,Part A only,2360
Bahrain,+12.5% (additional duty on top of existing MFN/Col.1 rate),1257886113,251970749,253716334,Part A only,5250
Bangladesh,+10% (additional duty on top of existing MFN/Col.1 rate),9473484124,49234670,51327570,Part A + Part J,5380
Brazil,+12.5% (additional duty on top of existing MFN/Col.1 rate),39881521362,20099612745,22296392013,Part A only,3510
Cambodia,+10% (additional duty on top of existing MFN/Col.1 rate),15294567981,563093539,615237783,Part A + Part F,5550
Canada,+10% (additional duty on top of existing MFN/Col.1 rate),381922058292,185337716515,191905360783,Part A only,1220
Chile,+12.5% (additional duty on top of existing MFN/Col.1 rate),18979910309,10453860078,10588057588,Part A only,3370
China,+12.5% (additional duty on top of existing MFN/Col.1 rate),308651863680,113374029806,114696260924,Part A only,5700
Colombia,+12.5% (additional duty on top of existing MFN/Col.1 rate),17879072392,12007443691,12428969079,Part A only,3010
Costa Rica,+12.5% (additional duty on top of existing MFN/Col.1 rate),13900374676,4688036033,4733217159,Part A only,2230
Dominican Republic,+12.5% (additional duty on top of existing MFN/Col.1 rate),7564858524,1122909135,1290086317,Part A only,2470
Ecuador,+10% (additional duty on top of existing MFN/Col.1 rate),9048855469,5452571439,6180633255,Part A + Part M,3310
Egypt,+12.5% (additional duty on top of existing MFN/Col.1 rate),2849967479,236491001,276889189,Part A only,7290
El Salvador,+10% (additional duty on top of existing MFN/Col.1 rate),2278838723,301282351,1668696407,Part A + Part H+O,2110
European Union,Net 10.0% (top-up to 10.0% combined MFN+Sec.301; +0% additional if existing MFN/Col.1 rate already >= 10.0%),632896462252,320507885268,333511788103,Part A + Part C,"4330,4231,4870,4791,4910,4351,4099,4470,4050,4279,4280,4840,4370,4190,4759,4490,4510,4239,4730,4210,4550,4710,4850,4359,4792,4700,4010"
Guatemala,+10% (additional duty on top of existing MFN/Col.1 rate),5173245664,2163960487,3842205982,Part A + Part G+O,2050
Guyana,+12.5% (additional duty on top of existing MFN/Col.1 rate),5106631959,4992144038,5001077603,Part A only,3120
Honduras,+10% (additional duty on top of existing MFN/Col.1 rate),5504088658,2301544248,2360329778,Part A only,2150
"Hong Kong, China",+12.5% (additional duty on top of existing MFN/Col.1 rate),5146474327,2513502597,2522926366,Part A only,5820
India,+10% (additional duty on top of existing MFN/Col.1 rate),103776313283,55413701899,56617302123,Part A only,5330
Indonesia,+10% (additional duty on top of existing MFN/Col.1 rate),34637159015,5692703032,8868870893,Part A + Part L,5600
Iraq,+12.5% (additional duty on top of existing MFN/Col.1 rate),6274723173,6221399515,6229732291,Part A only,5050
Israel,+12.5% (additional duty on top of existing MFN/Col.1 rate),20734258467,11775815343,12010986103,Part A only,5081
Japan,Net 12.5% (top-up to 12.5% combined MFN+Sec.301; +0% additional if existing MFN/Col.1 rate already >= 12.5%),145841993111,43310819466,44810381816,Part A only,5880
Jordan,+10% (additional duty on top of existing MFN/Col.1 rate),3069447046,268938934,2250316726,Part A + Part N+O,5110
Kazakhstan,+12.5% (additional duty on top of existing MFN/Col.1 rate),4072944440,3972533700,3972639276,Part A only,4634
Kuwait,+12.5% (additional duty on top of existing MFN/Col.1 rate),1411992067,1354661231,1357116505,Part A only,5130
Libya,+12.5% (additional duty on top of existing MFN/Col.1 rate),1416832230,1415298892,1415818618,Part A only,7250
Malaysia,+10% (additional duty on top of existing MFN/Col.1 rate),59536770464,35998435331,36789769370,Part A + Part E,5570
Mexico,+10% (additional duty on top of existing MFN/Col.1 rate),534314909385,213256941617,216528387012,Part A only,2010
Morocco,+12.5% (additional duty on top of existing MFN/Col.1 rate),1858937946,642616317,709068650,Part A only,7140
New Zealand,+12.5% (additional duty on top of existing MFN/Col.1 rate),5578866812,2000063317,2065155128,Part A only,6141
Nicaragua,+12.5% (additional duty on top of existing MFN/Col.1 rate),4958799765,2341376791,2351599103,Part A only,2190
Nigeria,+12.5% (additional duty on top of existing MFN/Col.1 rate),5022188292,4819116279,4838468091,Part A only,7530
Norway,+12.5% (additional duty on top of existing MFN/Col.1 rate),6622516214,3067755550,3148057321,Part A only,4039
Oman,+12.5% (additional duty on top of existing MFN/Col.1 rate),1125615327,128204042,141978901,Part A only,5230
Pakistan,+10% (additional duty on top of existing MFN/Col.1 rate),5418373291,66285885,171271660,Part A only,5350
Peru,+12.5% (additional duty on top of existing MFN/Col.1 rate),10712916514,4818563994,4916749770,Part A only,3330
Philippines,+12.5% (additional duty on top of existing MFN/Col.1 rate),17762118681,11753506235,11821475415,Part A only,5650
Qatar,+12.5% (additional duty on top of existing MFN/Col.1 rate),2062238035,1429533599,1474550529,Part A only,5180
Russia,+12.5% (additional duty on top of existing MFN/Col.1 rate),3776799667,3554083146,3560428560,Part A only,4621
Saudi Arabia,+12.5% (additional duty on top of existing MFN/Col.1 rate),10486837350,9175075109,9248230047,Part A only,5170
Singapore,+12.5% (additional duty on top of existing MFN/Col.1 rate),38228011254,26166985113,26459455783,Part A only,5590
South Africa,+12.5% (additional duty on top of existing MFN/Col.1 rate),16454035960,12676592976,12843766110,Part A only,7910
South Korea,Net 12.5% (top-up to 12.5% combined MFN+Sec.301; +0% additional if existing MFN/Col.1 rate already >= 12.5%),125545945311,45222161073,46544239445,Part A only,5800
Sri Lanka,+10% (additional duty on top of existing MFN/Col.1 rate),3110896054,325801751,386221419,Part A only,5420
Switzerland,Net 12.5% (top-up to 12.5% combined MFN+Sec.301; +0% additional if existing MFN/Col.1 rate already >= 12.5%),106214216880,84381904632,85134183895,Part A + Part D,4419
Taiwan,Net 10.0% (top-up to 10.0% combined MFN+Sec.301; +0% additional if existing MFN/Col.1 rate already >= 10.0%),201369178666,168297646572,169095894580,Part A + Part K,5830
Thailand,+12.5% (additional duty on top of existing MFN/Col.1 rate),91255261590,55626624766,56201295106,Part A only,5490
Trinidad and Tobago,+10% (additional duty on top of existing MFN/Col.1 rate),2675766778,1438430616,2569738267,Part A only,2740
Türkiye,+12.5% (additional duty on top of existing MFN/Col.1 rate),16419499435,3205791678,3304423879,Part A only,4890
United Arab Emirates,+12.5% (additional duty on top of existing MFN/Col.1 rate),7680221450,1902808521,1979764103,Part A only,5200
United Kingdom,+10% (additional duty on top of existing MFN/Col.1 rate),64784371990,28974663933,32865223402,Part A + Part B,4120
Uruguay,+12.5% (additional duty on top of existing MFN/Col.1 rate),1582725184,1131212323,1149211197,Part A only,3550
Venezuela,+12.5% (additional duty on top of existing MFN/Col.1 rate),3696663697,3458962705,3508504429,Part A only,3070
Vietnam,+12.5% (additional duty on top of existing MFN/Col.1 rate),193879321149,103591854693,103865308921,Part A only,5520
