HS Code,Description,Status
0511.99.30,"Animal products chiefly used as food for animals or as ingredients in such food, nesoi",New (added in July)
0602.10.00,Unrooted cuttings and slips of live plants,New (added in July)
0701.10.00,"Seed potatoes, fresh or chilled",New (added in July)
0712.90.8550,Sweet corn seeds of a kind used for sowing,New (added in July)
0713.10.10,Seeds of peas of a kind used for sowing,New (added in July)
0713.20.10,Seeds of chickpeas (garbanzos) of a kind used for sowing,New (added in July)
0713.31.10,Seeds of beans of a kind used for sowing,New (added in July)
0713.32.10,Seeds of small red (adzuki) beans of a kind used for sowing,New (added in July)
0713.33.10,"Seeds of kidney beans, including white pea beans of a kind used for sowing",New (added in July)
0713.34.10,"Dried seeds of Bambara beans, of a kind used for sowing",New (added in July)
0713.39.11,"Seeds of beans nesoi, of a kind used for sowing",New (added in July)
0713.40.10,Lentil seeds of a kind used for sowing,New (added in July)
0713.50.10,Seeds of broad beans and horse beans of a kind used for sowing,New (added in July)
0713.60.10,"Dried pigeon pea seeds, of a kind used for sowing",New (added in July)
0713.90.11,"Seeds of leguminous vegetables nesoi, of a kind used for sowing",New (added in July)
0713.90.50,"Dried guar seeds, shelled",New (added in July)
1001.11.00,"Durum wheat, seed",New (added in July)
1001.91.00,"Seed of wheat and meslin, other than durum wheat",New (added in July)
1002.10.00,"Rye, seed",New (added in July)
1003.10.00,"Barley, seed",New (added in July)
1004.10.00,"Oats, seed",New (added in July)
1005.10.00,Seed corn (maize),New (added in July)
1007.10.00,"Grain sorghum, seed",New (added in July)
1008.21.00,"Millet, seed",New (added in July)
1201.10.00,"Soybeans, whether or not broken, seed",New (added in July)
1202.30.05,"Peanuts (ground-nuts), seed, not roasted or cooked, shelled, subject to gen note 15 of the HTS",New (added in July)
1202.30.40,"Peanuts (ground-nuts), seed, not roasted or cooked, shelled, subject to add. US note 2 to Ch.12",New (added in July)
1202.30.80,"Peanuts (ground-nuts), seed, not roasted or cooked, shelled, not subject to gen note 15 or add. US note 2 to Ch.12",New (added in July)
1204.00.0010,"Flaxseed (linseed), whether or not broken, for sowing",New (added in July)
1205.10.0010,"Low erucic acid rape or colza seeds, for sowing",New (added in July)
1205.90.0010,"Rape or colza seeds (other than of low erucic acid), whether or not broken, for sowing",New (added in July)
1206.00.0031,"Sunflower seeds, whether or not broken, for sowing",New (added in July)
1207.21.00,"Cotton seeds, whether or not broken, seed for sowing",New (added in July)
1207.30.00,"Castor oil seeds, for sowing",New (added in July)
1207.40.00,"Sesame seeds, whether or not broken, for sowing",New (added in July)
1207.50.00,"Mustard seeds, whether or not broken, for sowing",New (added in July)
1207.60.00,"Safflower (Carthamus tintorius) seeds, for sowing",New (added in July)
1207.70.00,Melon seeds,New (added in July)
1207.99.03,"Other oil seeds and oleaginous fruits whether or not broken, including niger seeds, hemp seeds and seeds nesoi, for sowing",New (added in July)
1209.10.00,Sugar beet seeds of a kind used for sowing,New (added in July)
1209.21.00,Alfalfa (lucerne) seed of a kind used for sowing,New (added in July)
1209.22.20,White and ladino clover seeds of a kind used for sowing,New (added in July)
1209.22.40,"Clover seeds, other than white and ladino, of a kind used for sowing",New (added in July)
1209.23.00,Fescue seeds of a kind used for sowing,New (added in July)
1209.24.00,Kentucky blue grass seeds of a kind used for sowing,New (added in July)
1209.25.00,Rye grass seeds of a kind used for sowing,New (added in July)
1209.29.10,"Beet seed, other than sugar beet seed, of a kind used for sowing",New (added in July)
1209.29.91,"Seeds of forage plants of a kind used for sowing, not elsewhere specified or included",New (added in July)
1209.30.00,Seeds of herbaceous plants cultivated principally for their flowers,New (added in July)
1209.91.10,Cauliflower seeds of a kind used for sowing,New (added in July)
1209.91.20,Celery seeds of a kind used for sowing,New (added in July)
1209.91.40,Onion seeds of a kind used for sowing,New (added in July)
1209.91.50,Parsley seeds of a kind used for sowing,New (added in July)
1209.91.60,Pepper seeds of a kind used for sowing,New (added in July)
1209.91.80,"Vegetable seeds, nesoi, of a kind used for sowing",New (added in July)
1209.99.20,Tree and shrub seeds of a kind used for sowing,New (added in July)
1209.99.41,"Seeds, fruits and spores, of a kind used for sowing, nesoi",New (added in July)
1701.12.10,"Beet sugar, raw, in solid form, w/o added flavoring or coloring, subject to add. US 5 to Ch.17",New (added in July)
1701.13.10,"Cane sugar, raw, specified in subheading 2 and subject to add'l note 5 to this chapter, in solid form, w/o added flavoring or coloring",New (added in July)
1701.14.10,"Other cane sugar, raw, in solid form, w/o added flavoring or coloring, subject to add. US 5 to Ch.17",New (added in July)
1701.91.10,"Cane/beet sugar & pure sucrose, refined, solid, w/added coloring but not flav., subject to add. US 5 to Ch.17",New (added in July)
1701.99.10,"Cane/beet sugar & pure sucrose, refined, solid, w/o added coloring or flavoring, subject to add. US 5 to Ch.17",New (added in July)
1702.90.10,"Cane/beet sugars & syrups (incl. invert sugar); nesoi, w/soluble non-sugar solids 6% or less soluble solids, subj Ch17 US note 5",New (added in July)
2008.30.35,Orange pulp,New (added in July)
2101.11.21,"Instant coffee, not flavored",New (added in July)
2106.90.44,"Syrups from cane/beet sugar, neosi, w/added coloring but not added flavoring, subject to add US note 5 to Ch. 17, not GN15",New (added in July)
2503.00.00,"Sulfur of all kinds, other than sublimed, precipitated and colloidal sulfur",New (added in July)
2601.11.00,Non-agglomerated iron ores and concentrates,New (added in July)
2601.20.00,Agglomerated iron ores and concentrates,New (added in July)
2802.00.00,"Sulfur, sublimed or precipitated; colloidal sulfur",New (added in July)
2804.10.00,Hydrogen,New (added in July)
2804.30.00,Nitrogen,New (added in July)
2806.10.00,Hydrogen chloride (Hydrochloric acid),New (added in July)
2807.00.00,Sulfuric acid; oleum,New (added in July)
2809.20.00,Phosphoric acid and polyphosphoric acids,New (added in July)
2811.12.00,Hydrogen cyanide,New (added in July)
2811.22.50,"Silicon dioxide, other than synthetic silica gel",New (added in July)
2812.12.00,Phosphorus oxychloride,New (added in July)
2814.10.00,Anhydrous ammonia,New (added in July)
2814.20.00,Ammonia in aqueous solution,New (added in July)
2815.11.00,"Sodium hydroxide (Caustic soda), solid",New (added in July)
2815.12.00,"Sodium hydroxide (Caustic soda), in aqueous solution (Soda lye or liquid soda)",New (added in July)
2815.30.00,Peroxides of sodium or potassium,New (added in July)
2818.30.00,Aluminum hydroxide,New (added in July)
2825.10.00,Hydrazine and hydroxylamine and their inorganic salts,New (added in July)
2825.30.00,Vanadium oxides and hydroxides,New (added in July)
2825.90.20,Tin oxides,New (added in July)
2827.39.25,Tin chlorides,New (added in July)
2827.39.65,Zinc chloride,New (added in July)
2827.60.20,Iodide and iodide oxide of potassium,New (added in July)
2832.10.00,Sodium sulfites,New (added in July)
2832.30.10,Sodium thiosulfate,New (added in July)
2833.11.50,"Disodium sulfate, other than salt cake",New (added in July)
2833.19.00,"Sodium sulfates, other than disodium sulfate",New (added in July)
2833.22.00,Aluminum sulfate,New (added in July)
2834.10.10,Sodium nitrite,New (added in July)
2834.29.10,Calcium nitrate,New (added in July)
2835.22.00,Mono- or disodium phosphates,New (added in July)
2835.24.00,Potassium phosphate,New (added in July)
2836.20.00,Disodium carbonate,New (added in July)
2836.30.00,Sodium hydrogencarbonate (Sodium bicarbonate),New (added in July)
2836.40.20,Potassium hydrogencarbonate (Potassium bicarbonate),New (added in July)
2837.20.51,"Complex cyanides, excluding potassium ferricyanide",New (added in July)
2842.10.00,Double or complex silicates,New (added in July)
2842.90.90,"Salts of inorganic acids or peroxoacids nesoi, excluding azides",New (added in July)
2844.41.00,"Tritium and its compounds, alloys, dispersions, ceramic products and mixtures thereof",New (added in July)
2844.42.00,"Actinium, californium, curium, einsteinium, gadolinium, polonium, radium, uranium and their compounds, alloys, dispersions, ceramic products and mixtures",New (added in July)
2844.44.00,Radioactive residues,New (added in July)
2845.20.00,Boron enriched in boron-10 and its compounds,New (added in July)
2845.30.00,Lithium enriched in lithium-6 and its compounds,New (added in July)
2847.00.00,"Hydrogen peroxide, whether or not solidified with urea",New (added in July)
2850.00.50,"Hydrides, nitrides, azides, silicides and borides other than of calcium, titanium, tungsten or vanadium",New (added in July)
2853.10.00,Cyanogen chloride (Chlorocyan ),New (added in July)
2853.90.50,"Phosphides, whether or not chemically defined, excluding ferrophosphorus, of other metals or of nonmetals",New (added in July)
2901.10.40,"Saturated acyclic hydrocarbon (not ethane, butane, n- pentane or isopentane), derived in whole or in part from petroleum, shale oil or natural gas",New (added in July)
2902.19.00,"Cyclanic hydrocarbons (except cyclohexane), cyclenic hydrocarbons and cycloterpenes nesoi",New (added in July)
2902.90.30,Alkylbenzenes and polyalkylbenzenes,New (added in July)
2903.12.00,Dichloromethane (Methylene chloride),New (added in July)
2903.13.00,Chloroform (Trichloromethane),New (added in July)
2903.22.00,Trichloroethylene,New (added in July)
2903.41.10,Trifluoromethane (HFC-23),New (added in July)
2903.42.10,Difluoromethane (HFC-32),New (added in July)
2903.43.10,"Fluoromethane (HFC-41), 1,2-difluoroethane (HFC- 152) and 1,1-difluoroethane (HFC-152-a)",New (added in July)
2903.44.10,"Pentafluoroethane (HFC-125), 1,1,1-trifluoroethane (HFC-143a) and 1,1,2-trifluoroethane (HFC-143)",New (added in July)
2903.46.10,"1,1,1,2,3,3,3-Heptafluoropropane (HFC- 227ea),1,1,1,2,2,3-hexafluoropropane (HFC- 236cb),1,1,1,2,3,3-hexafluoropropane (HFC-236ea) and 1,1,1,3,3,3-hexafluoropropane (HFC-236fa)",New (added in July)
2903.47.10,"1,1,1,3,3-Pentafluoropropane (HFC-245fa) and 1,1,2,2,3-pentafluoropropane (HFC-245ca)",New (added in July)
2903.48.00,"1,1,1,3,3-Pentafluorobutane (HFC-365mfc) and 1,1,1,2,2,3,4,5,5,5-decafluoropentane (HFC- 4310mee)",New (added in July)
2903.49.00,"Other saturated fluorinated derivatives of acyclic hydrocarbons, nesoi",New (added in July)
2903.59.10,"1,1,3,3,3-Pentafluoro-2-(trifluoromethyl)-prop-1-ene",New (added in July)
2903.69.10,"Acetylene tetrabromide; alkyl bromides, other than methyl bromide (bromomethane); methylene dibromide; and vinyl bromide",New (added in July)
2903.71.01,Chlorodifluoromethane (HCFC-22),New (added in July)
2903.77.00,"Other acyclic hydrocarbon derivatives, perhalogenated only with fluorine and chlorine",New (added in July)
2903.81.00,"1,2,3,4,5,6-Hexachlorocyclohexane (HCH (ISO)), including lindane (ISO, INN)",New (added in July)
2903.93.00,"Halogenated derivatives of aromatic hydrocarbons, pentachlorobenzene",New (added in July)
2903.94.00,"Halogenated derivatives of aromatic hydrocarbons, hexabromobiphenyls",New (added in July)
2903.99.20,"Benzyl chloride (α-Chlorotoluene); Benzotrichloride (α, α, α-Trichlorotoluene)",New (added in July)
2903.99.80,"Other halogenated derivatives of aromatic hydrocarbons, nesoi",New (added in July)
2904.10.32,"Aromatic derivatives of hydrocarbons containing only sulfo groups, their salts and ethyl esters, described in additional U.S. note 3 to section VI of the HTSUS",New (added in July)
2904.10.50,"Nonaromatic derivatives of hydrocarbons containing only sulfo groups, their salts and ethyl esters, nesoi",New (added in July)
2904.20.10,p-Nitrotoluene,New (added in July)
2904.20.15,p-Nitro-o-xylene,New (added in July)
2904.20.20,Trinitrotoluene,New (added in July)
2904.20.30,"5-tert-Butyl-2,4,6-trinitro-m-xylene (Musk xylol) and other artificial musks",New (added in July)
2904.20.35,"Nitrated benzene, nitrated toluene (except p- nitrotoluene) or nitrated naphthalene",New (added in July)
2904.20.40,"Aromatic derivatives of hydrocarbons containing only nitro or only nitroso groups, described in additional U.S. note 3 to section VI of the HTSUS",New (added in July)
2904.20.45,"Aromatic derivatives of hydrocarbons containing only nitro or only nitroso groups, nesoi",New (added in July)
2904.20.50,"Nonaromatic derivatives of hydrocarbons containing only nitro or only nitroso groups, nesoi",New (added in July)
2904.99.04,Monochloromononitrobenzenes; o- nitrochlorobenzene; p-nitrochlorobenzene,New (added in July)
2904.99.08,Monochloromononitrobenzenes nesoi,New (added in July)
2904.99.15,"4-Chloro-3-nitro-α-α-α-trifluorotoluene; 2-Chloro-5- nitro-α-α-α-trifluorotoluene; and 4-Chloro-3,5- dinitro-α-α-α-trifluorotoluene",New (added in July)
2904.99.20,Nitrotoluenesulfonic acids,New (added in July)
2904.99.30,"1-Bromo-2-nitrobenzene; 1,2-Dichloro-4- nitrobenzene and o-Fluoronitrobenzene",New (added in July)
2904.99.35,"4,4'-Dinitrostilbene-2,2'-disulfonic acid",New (added in July)
2904.99.47,"Other sulfonated, nitrated or nitrosated derivatives of aromatic hydrocarbons excluding aromatic products described in additional U.S. note 3 to section VI of the HTSUS",New (added in July)
2904.99.50,"Nonaromatic sulfonated, nitrated or nitrosated derivatives of hydrocarbons, nesoi",New (added in July)
2905.11.20,"Methanol (Methyl alcohol), other than imported only for use in producing synthetic natural gas (SNG) or for direct use as fuel",New (added in July)
2905.12.00,Propan-1-ol (Propyl alcohol) and Propan-2-ol (isopropyl alcohol),New (added in July)
2905.13.00,Butan-1-ol (n-Butyl alcohol),New (added in July)
2905.19.10,Pentanol (Amyl alcohol) and isomers thereof,New (added in July)
2905.19.90,"Saturated monohydric alcohols, nesoi",New (added in July)
2905.22.10,Geraniol,New (added in July)
2905.22.20,Isophytol,New (added in July)
2905.22.50,"Acyclic terpene alcohols, other than geraniol and isophytol",New (added in July)
2905.31.00,Ethylene glycol (Ethanediol),New (added in July)
2905.32.00,"Propylene glycol (Propane-1,2-diol)",New (added in July)
2905.49.20,Esters of glycerol formed with the acids of heading 2904,New (added in July)
2905.49.50,"Polyhydric alcohols, nesoi",New (added in July)
2905.51.00,Ethchlorvynol (INN),New (added in July)
2906.11.00,Menthol,New (added in July)
2907.11.00,Phenol (Hydroxybenzene) and its salts,New (added in July)
2907.19.10,Alkylcresols,New (added in July)
2907.19.20,Alkylphenols,New (added in July)
2907.19.40,Thymol,New (added in July)
2907.19.80,Other monophenols,New (added in July)
2908.19.10,6-Chloro-m-cresol [OH=1]; m-chlorophenol; and chlorothymol,New (added in July)
2908.19.35,Derivatives of phenols or phenol-alcohols containing only halogen substituents and their salts described in additional U.S. note 3 to section VI of the HTSUS,New (added in July)
2908.99.12,"Derivatives nesoi, of phenols or phenol-alcohols containing only sulfo groups, their salts and esters, described in additional U.S. note 3 to section VI of the HTSUS",New (added in July)
2908.99.15,"Derivatives of phenol or phenol-alcohols containing only sulfo groups, their salts and esters, nesoi",New (added in July)
2908.99.25,"Nitrophenols, except p-nitrophenol",New (added in July)
2909.11.00,Diethyl ether,New (added in July)
2909.19.60,"Ethers of polyhydric alcohols and their halogenated, sulfonated, nitrated or nitrosated derivatives, nesoi",New (added in July)
2909.30.40,"Aromatic ethers and their halogenated, sulfonated, nitrated or nitrosated derivatives, nesoi, described in additional U.S. note 3 to section VI of the HTSUS",New (added in July)
2909.49.05,Guaifenesin,New (added in July)
2909.50.20,Guaiacol and its derivatives,New (added in July)
2910.10.00,Oxirane (Ethylene oxide),New (added in July)
2910.30.00,"1-Chloro-2,3-epoxypropane (Epichlorohydrin)",New (added in July)
2910.40.00,"Dieldrin (ISO, INN)",New (added in July)
2910.50.00,Endrin,New (added in July)
2910.90.10,Butylene oxide,New (added in July)
2910.90.20,"Aromatic epoxides, epoxyalcohols, epoxyphenols and epoxyethers, with a three-membered ring, and their derivatives, nesoi",New (added in July)
2910.90.91,"Other nonaromatic epoxides, epoxyalcohols and epoxyethers, with a three-membered ring, and their halogenated, sulfonated, nitrated or nitrosated derivatives",New (added in July)
2911.00.10,"1,1-Bis(1-methylethoxy)cyclohexane",New (added in July)
2911.00.50,"Acetals and hemiacetals, whether or not with other oxygen function, and their halogenated, sulfonated, nitrated or nitrosated derivatives",New (added in July)
2912.29.60,Other cyclic aldehydes without other oxygen function,New (added in July)
2912.60.00,Paraformaldehyde,New (added in July)
2914.11.10,"Acetone, derived in whole or in part from cumene",New (added in July)
2914.29.30,Natural camphor,New (added in July)
2914.29.50,"Cyclanic, cyclenic or cycloterpenic ketones without other oxygen function, nesoi",New (added in July)
2914.39.90,"Aromatic ketones without other oxygen function, nesoi",New (added in July)
2914.40.40,"Aromatic ketone-alcohols and ketone-aldehydes, nesoi",New (added in July)
2914.50.10,5-Benzoyl-4-hydroxy-2-methoxybenzene-sulfonic acid,New (added in July)
2914.71.00,"Halogenated, sulfonated, nitrated or nitrosated derivatives: chlordecone (ISO)",New (added in July)
2914.79.10,"2,3-dichloro-1,4-naphthoquinone and other artificial musks",New (added in July)
2914.79.60,1-Chloro-5-hexanone,New (added in July)
2914.79.90,"Other halogenated, sulfonated, nitrated or nitrosated derivatives of nonaromatic ketones and quinones whether or not with other oxygen function",New (added in July)
2915.21.00,Acetic acid,New (added in July)
2915.24.00,Acetic anhydride,New (added in July)
2915.29.50,Other salts of acetic acid,New (added in July)
2915.32.00,Vinyl acetate,New (added in July)
2915.36.00,Dinoseb (ISO) acetate,New (added in July)
2915.39.10,Benzyl acetate,New (added in July)
2915.39.40,Linalyl acetate,New (added in July)
2915.39.45,"Odoriferous or flavoring compounds of nonaromatic esters of acetic acid, nesoi",New (added in July)
2915.39.70,Isobutyl acetate,New (added in July)
2915.40.10,Chloroacetic acids,New (added in July)
2915.40.20,"Aromatic salts and esters of chlorocetic acids, described in additional U.S. note 3 to section VI of the HTSUS",New (added in July)
2915.40.30,"Aromatic salts and esters of chlorocetic acids, nesoi",New (added in July)
2915.40.50,"Nonaromatic salts and esters of chlorocetic acids, nesoi",New (added in July)
2915.50.20,Aromatic salts and esters of propionic acid,New (added in July)
2916.16.00,Binapacryl (ISO),New (added in July)
2916.31.30,"Benzoic acid esters, except odoriferous or flavoring compounds, described in additional U.S. note 3 to section VI of the HTSUS",New (added in July)
2916.39.15,Ibuprofen,New (added in July)
2916.39.17,"2,2-Dichlorophenylacetic acid, ethyl ester and m- Toluic acid",New (added in July)
2917.19.15,"Fumaric acid, derived in whole or in part from aromatic hydrocarbons",New (added in July)
2917.19.17,Fumaric acid except derived in whole or in part from aromatic hydrocarbons,New (added in July)
2917.19.20,"Specified acyclic polycarboxylic acids and their derivatives, described in additional U.S. note 3 to section VI of the HTSUS",New (added in July)
2917.19.23,Maleic acid,New (added in July)
2917.19.27,"Succinic acid, glutaric acid, and their derivatives, and derivatives of adipic, fumeric and maleic acids, nesoi",New (added in July)
2917.19.30,Ethylene brassylate,New (added in July)
2917.19.35,Malonic acid,New (added in July)
2917.19.40,"Acyclic polycarboxylic acids, derived from aromatic hydrocarbons, and their derivatives, nesoi",New (added in July)
2917.20.00,"Cyclanic, cyclenic or cycloterpenic polycarboxylic acids, their anhydrides, halides, peroxides, peroxyacids and their derivatives",New (added in July)
2917.37.00,Dimethyl terephthalate,New (added in July)
2918.12.00,Tartaric acid,New (added in July)
2918.14.00,Citric acid,New (added in July)
2918.18.00,Chlorobenzilate (ISO),New (added in July)
2918.19.15,Other Phenylglycolic (Mandelic) acid salts and esters,New (added in July)
2918.19.20,"Aromatic carboxylic acids with alcohol function, without other oxygen functions, and their derivatives, described in additional U.S. note 3 to section VI of the HTSUS",New (added in July)
2918.19.31,"Aromatic carboxylic acids with alcohol function, without other oxygen functions, and their derivatives, nesoi",New (added in July)
2918.21.10,"Salicylic acid and its salts, suitable for medicinal use",New (added in July)
2918.23.10,Salol (Phenyl salicylate) suitable for medicinal use,New (added in July)
2918.29.22,p-Hydroxybenzoic acid,New (added in July)
2918.30.10,"1-Formylphenylacetic acid, methyl ester",New (added in July)
2918.30.15,"2-Chloro-4,5-difluoro-beta -oxobenzenepropanoic acid, ethyl ester; and Ethyl 2-keto-4-phenylbutanoate",New (added in July)
2918.30.70,"Dimethyl acetyl succinate; Oxalacetic acid diethyl ester, sodium salt; 4,4,4-Trifluoro-3-oxobutanoic acid, both ethyl and methyl ester versions",New (added in July)
2918.99.05,p-Anisic acid; clofibrate and 3-phenoxybenzoic acid,New (added in July)
2919.10.00,"Tris(2,3-dibromopropyl phosphate)",New (added in July)
2920.19.40,"Other aromatic thiophosphoric esters (phosphorothioates), their salts and their halogenated, sulfonated, nitrated or nitrosated derivatives",New (added in July)
2920.19.50,"Nonaromatic phosphorothioates, their salts and their halogenated, sulfonated, nitrated or nitrosated derivatives, nesoi",New (added in July)
2920.21.00,Dimethyl phosphite,New (added in July)
2920.22.00,Diethyl phosphite,New (added in July)
2920.23.00,Trimethyl phosphite,New (added in July)
2920.24.00,Triethyl phosphite,New (added in July)
2920.29.00,"Other phosphite esters, their salts and their halogenated, sulfonated, nitrated or nitrosated derivatives",New (added in July)
2920.30.00,Endosulfan (ISO),New (added in July)
2920.90.20,"Aromatic esters of other inorganic acids (excluding hydrogen halides), their salts and their derivatives, nesoi",New (added in July)
2921.11.00,"Methylamine, di- or trimethylamine, and their salts",New (added in July)
2921.14.00,"2-(N,N,-Diisopropylamino)ethyl chloride hydrochloride",New (added in July)
2921.30.30,"Cyclanic, cyclenic, cycloterpenic mono- or polyamines and their derivatives and salts, derived from any aromatic compound (excluding goods described in additional U.S. note 3 to section VI of the HTSUS)",New (added in July)
2921.41.10,Aniline,New (added in July)
2921.41.20,Aniline salts,New (added in July)
2921.42.65,"Aniline derivatives and their salts thereof, described in additional U.S. note 3 to section VI of the HTSUS",New (added in July)
2921.43.40,"Toluidines and their derivatives and salts thereof, described in additional U.S. note 3 to section VI of the HTSUS",New (added in July)
2921.45.60,"Aromatic monoamines and their derivatives and salts thereof, described in additional U.S. note 3 to section VI of the HTSUS, nesoi",New (added in July)
2921.45.90,Aromatic monoamines and their derivatives and salts thereof nesoi,New (added in July)
2921.59.40,"Aromatic polyamines and their derivatives and salts thereof, described in additional U.S. note 3 to section VI of the HTSUS",New (added in July)
2922.12.00,Diethanolamine and its salts,New (added in July)
2922.15.00,Triethanolamine,New (added in July)
2922.16.00,Diethylammonium perfluorooctane sulfonate,New (added in July)
2922.17.00,Methyldiethanolamine and ethyldiethanolamine,New (added in July)
2922.18.00,"2-(N,N-Diisopropylamino)ethanol",New (added in July)
2922.21.10,"1-Amino-8-hydroxy-3,6-naphthalenedisulfonic acid; and other specified aminohydroxynaphthalenesulfonic acids and their salts",New (added in July)
2922.21.25,"1-Amino-8-hydroxy-4,6-naphthalenedisulfonic acid, monosodium salts",New (added in July)
2922.21.40,"Aminohydroxynaphthalene sulfonic acids and their salts, described in additional U.S. note 3 to section VI of the HTSUS",New (added in July)
2922.21.50,"Aminohydroxynaphthalene sulfonic acids and their salts, nesoi",New (added in July)
2922.29.03,o-Anisidine; p-anisidine; and p-phenetidine,New (added in July)
2922.29.06,m-Nitro-p-anisidine and m-nitro-o-anisidine as fast color bases,New (added in July)
2922.29.08,"m-Nitro-p-anisidine and m-nitro-o-anisidine, nesoi",New (added in July)
2922.29.10,"2-Amino-6-chloro-4-nitrophenol and other specified amino-naphthols and amino-phenols, their ethers and esters; salts thereof",New (added in July)
2922.29.13,"o-Aminophenol; and 2,2-bis-[4-(4- aminophenoxy)phenyl]propane",New (added in July)
2922.29.15,m-Diethylaminophenol; m-dimethylaminophenol; 3- ethylamino-p-cresol; and 5-methoxy-m- phenylenediamine,New (added in July)
2922.29.20,"4-Chloro-2,5-dimethoxyaniline; and 2,4- dimethoxyaniline",New (added in July)
2922.29.26,Amino-naphthols and other amino-phenols and their derivatives used as fast color bases,New (added in July)
2922.29.29,"Photographic chemicals of amino-naphthols and - phenols, their ethers and esters, except those containing more than one oxygen function, and salts thereof, nesoi",New (added in July)
2922.39.05,"1-Amino-2,4-dibromoanthraquinone and 2-Amino-5- chlorobenzophenone",New (added in July)
2922.39.10,"2'-Amino aceto phenone and other specified aromatic amino-aldehydes, -ketones and -quinones, other than those with more than one oxygen function",New (added in July)
2922.39.14,2-Aminoanthraquinone,New (added in July)
2922.39.17,1-Aminoanthraquinone,New (added in July)
2922.42.10,Monosodium glutamate,New (added in July)
2922.43.10,"Anthranilic acid and its salts, described in additional U.S. note 3 to section VI of the HTSUS",New (added in July)
2922.43.50,"Anthranilic acid and its salts, nesoi",New (added in July)
2922.49.05,"(R)-α-Aminobenzeneacetic acid; and 2-amino-3- chlorobenzoic acid, methyl ester",New (added in July)
2922.49.43,Glycine (aminoacetic acid),New (added in July)
2922.49.60,"3-Aminocrotonic acid, methyl ester; and (R)-α- amino-1,4-cyclohexadiene-1-acetic acid",New (added in July)
2922.50.19,Aromatic guaiacol derivatives of amino-compounds with oxygen function,New (added in July)
2923.20.10,"Purified egg phospholipids, pharmaceutical grade meeting requirements of the U.S. FDA, for use in intravenous fat emulsion",New (added in July)
2923.30.00,Tetraethylammonium perfluorooctane sulfonate,New (added in July)
2923.40.00,Didecylmethylammonium perfluorooctane sulfonate,New (added in July)
2924.12.00,"Fluoroacetamide (ISO), monocrotophos (ISO) and phosphamidon (ISO)",New (added in July)
2924.21.20,"Aromatic ureines, their derivatives and salts thereof, described in additional U.S. note 3 to section VI of the HTSUS",New (added in July)
2924.21.45,"Aromatic ureines, their derivatives and salts thereof, nesoi",New (added in July)
2924.23.70,2-Acetamidobenzoic acid salts described in additional U.S. note 3 to section VI of the HTSUS,New (added in July)
2924.23.75,"2-Acetamidobenzoic acid salts, nesoi",New (added in July)
2924.24.00,Ethinamate (INN),New (added in July)
2924.25.00,Alachlor (ISO),New (added in July)
2924.29.05,"Biligrafin acid; 3,5-diacetamido-2,4,6-triiodobenzoic acid; and metrizoic acid",New (added in July)
2924.29.65,5-Bromoacetyl-2-salicylamide,New (added in July)
2925.29.10,"N'-(4-Chloro-o-tolyl)-N,N-dimethylformamidine; bunamidine hydrochloride; and pentamidine",New (added in July)
2925.29.18,"N,N'-Diphenylguanidine; 3-Dimethyl amino methyleneiminophenol hydrochloride; 1,3-Di-o- tolylguanidine; and N,N-Dimethyl-N'-[3- [[(methylamino) carbonyl]- oxy] phenyl] methanimidamide monohydro- chloride",New (added in July)
2925.29.70,Tetramethylguanidine,New (added in July)
2926.90.30,Other aromatic nitrile-function pesticides,New (added in July)
2928.00.10,Methyl ethyl ketoxime,New (added in July)
2928.00.15,Phenylhydrazine,New (added in July)
2929.90.05,"2,2-Bis(4-cyanatophenyl)-1,1,1,3,3,3,- hexafluoropropane; 2,2-bis(4- cyanatophenyl)propane; 1,1-ethylidenebis(phenyl-4- cyanate); and 2 others",New (added in July)
2929.90.15,"Other aromatic compounds with other nitrogen function, described in additional U.S. note 3 to section VI of the HTSUS",New (added in July)
2930.10.01,"2-(N,N-Dimethylamino) ethanethiol",New (added in July)
2930.20.10,Aromatic pesticides of thiocarbamates and dithiocarbamates,New (added in July)
2930.40.00,Methionine,New (added in July)
2930.60.00,"2-(N,N-Diethylamino)ethanethiol",New (added in July)
2930.70.00,Bis(2-hydroxyethyl)sulfide (thiodiglycol (INN)),New (added in July)
2931.41.00,Dimethyl methylphosphonate,New (added in July)
2931.42.00,Dimethyl propylphosphonate,New (added in July)
2931.43.00,Diethyl ethylphosphonate,New (added in July)
2931.44.00,Methylphosphonic acid,New (added in July)
2931.45.00,Salt of methylphosphonic acid and (aminoiminomethyl)urea (1:1),New (added in July)
2931.46.00,"2,4,6-Tripropyl-1,3,5,2,4,6-trioxatriphosphinane 2,4,6-trioxide",New (added in July)
2931.47.00,"(5-Ethyl-2-methyl-2-oxido-1,3,2-dioxaphosphinan- 5-yl) methyl methyl methylphosphonate",New (added in July)
2931.48.00,"3,9-Dimethyl-2,4,8,10-tetraoxa-3,9-diphosphaspiro [5.5] undecane 3,9-dioxide",New (added in July)
2931.51.00,Methylphosphonic dichloride,New (added in July)
2931.52.00,Propylphosphonic dichloride,New (added in July)
2931.54.00,Trichlorfon (ISO),New (added in July)
2931.59.00,Other halogenated organo-phosphorous derivatives,New (added in July)
2931.90.30,"Aromatic organo-inorganic compounds, nesoi, described in additional U.S. note 3 to section VI of the HTSUS",New (added in July)
2931.90.60,Other aromatic organo-inorganic compounds (excluding products described in additional U.S. note 3 to section VI of the HTSUS),New (added in July)
2932.11.00,Tetrahydrofuran,New (added in July)
2932.19.10,"Aromatic heterocyclic compounds with oxygen hetero-atom(s) only, containing an unfused furan ring, nesoi",New (added in July)
2932.20.05,"Coumarin, methylcoumarins and ethylcoumarins",New (added in July)
2932.20.25,4-Hydroxycoumarin,New (added in July)
2932.20.45,"Aromatic lactones, nesoi",New (added in July)
2932.95.00,Tetrahydrocannabinols (all isomers),New (added in July)
2932.99.04,"2,2-Dimethyl-1,3-benzodioxol-4-yl methylcarbamate (Bendiocarb)",New (added in July)
2932.99.08,"2-Ethoxy-2,3-dihydro-3,3-dimethyl-5- benzofuranylmethanesulfonate",New (added in July)
2932.99.21,"Aromatic pesticides of heterocyclic compounds with oxygen hetero-atom(s) only, nesoi",New (added in July)
2932.99.32,Benzofuran (Coumarone); and Dibenzofuran (Diphenylene oxide),New (added in July)
2932.99.35,2-Hydroxy-3-dibenzofurancarboxylic acid,New (added in July)
2932.99.39,Benzointetrahydropyranyl ester; and Xanthen-9-one,New (added in July)
2932.99.55,Bis-O-[(4-methylphenyl)methylene]-D-glucitol (Dimethylbenzylidene sorbitol); and Rhodamine 2C base,New (added in July)
2933.19.08,3-(5-Amino-3-methyl-1H-pyrazol-1- yl)benzenesulfonic acid; amino-J-pyrazolone; and another 12 specified chemicals,New (added in July)
2933.19.23,Aromatic or modified aromatic pesticides containing an unfused pyrazole ring (whether or not hydrogenated) in the structure,New (added in July)
2933.19.37,"Aromatic or modified aromatic compounds, described in additional U.S. note 3 to section VI of",New (added in July)
2933.19.43,"Aromatic or modified aromatic compounds (excluding products described in additional U.S. note 3 to section VI of the HTSUS), containing an unfused pyrazole ring in the structure",New (added in July)
2933.29.10,2-Phenylimidazole,New (added in July)
2933.31.00,Pyridine and its salts,New (added in July)
2933.36.00,4-Anilino-N-phenethylpiperidine (ANPP),New (added in July)
2933.55.00,"Loprazolam (INN), mecloqualone (INN), methaqualone (INN) and zipeprol (INN); salts thereof",New (added in July)
2933.69.50,Hexamethylenetetramine,New (added in July)
2933.79.04,"2,4-Dihydro-3,6-diphenylpyrrolo-(3,4-C)pyrrole-1,4- dione",New (added in July)
2933.79.20,N-Methyl-2-pyrrolidone; and 2-pyrrolidone,New (added in July)
2933.79.30,"N-Vinyl-2-pyrrolidone, monomer",New (added in July)
2933.79.40,12-Aminododecanoic acid lactam,New (added in July)
2933.99.14,5-Amino-4-chloro-a-phenyl-3-pyridazinone,New (added in July)
2934.10.70,"4,5-Dichloro-2-n-octyl-4-isothiazolin-3-one; thiothiamine hydrochloride; and 4 other specified chemicals",New (added in July)
2934.30.18,"Ethyl (1H-phenothiazin-2,4,1)carbamate",New (added in July)
2935.90.29,Acetylsulfaguanidine,New (added in July)
2939.43.00,Cathine (INN) and its salts,New (added in July)
2939.51.00,Fenetylline (INN) its salts,New (added in July)
2939.61.00,Ergometrine and its salts,New (added in July)
2942.00.03,"[2,2'-Thiobis(4-(1,1,3,3-tetramethyl-n- butyl)phenolato)(2,1)]-O,O',S-(1-butanamine), nickel II",New (added in July)
2942.00.10,"Aromatic or modified aromatic organic compounds, nesoi, described in additional U.S. note 3 to section VI of the HTSUS",New (added in July)
3003.31.00,"Medicaments containing insulin, not in dosage form and not packed for retail",New (added in July)
3003.43.00,"Medicaments containing norephedrine or its salts, not in dosage form and not packed for retail",New (added in July)
3003.60.00,"Other medicaments containing antimalarial active principles described in subheading note 2 to this chapter, not dosage form and not packed for retail",New (added in July)
3004.43.00,"Medicaments containing norephedrine or its salts, in dosage form or packed for retail",New (added in July)
3006.92.00,Waste pharmaceuticals,New (added in July)
3204.13.60,"Basic dyes and preparations based thereon, described in additional U.S note 3 to section VI of the HTSUS",New (added in July)
3204.90.00,"Synthetic organic coloring matter or preparations based thereon, nesoi; synthetic organic products used as luminophores",New (added in July)
3401.30.10,"Organic surface-active products for washing skin, in liquid or cream form, containing any aromatic or",New (added in July)
3402.50.11,"Preparations of organic surface-active agents, put up for retail sale, containing any aromatic or modified aromatic surface-active agent",New (added in July)
3507.90.70,"Enzymes and prepared enzymes, nesoi",New (added in July)
3802.10.00,Activated carbon,New (added in July)
3808.59.40,Disinfectants specified in subheading note 1 to chapter 38,New (added in July)
3808.59.50,"Pesticides, nesoi, specified in subheading note 1 to chapter 38",New (added in July)
3808.61.50,"Pesticides, nesoi, not exceeding 300g, specified in subheading note 2 to chapter 38",New (added in July)
3812.31.00,"Mixtures of oligomers of 2,2,4-trimethyl-1,2- dihydroquinoline (TMQ)",New (added in July)
3815.11.00,Supported catalysts with nickel or nickel compounds as the active substance,New (added in July)
3815.12.00,Supported catalysts with precious metal or precious metal compounds as the active substance,New (added in July)
3815.90.50,"Reaction initiators, reaction accelerators and catalytic preparations, nesoi",New (added in July)
3824.81.00,Chemical mixtures containing oxirane (ethylene oxide),New (added in July)
3824.82.10,"Goods specified in subheading note 3 to chapter 38, containing PCBs, PCTs or PBBs, chlorinated but not otherwise halogenated, nesoi",New (added in July)
3824.82.90,"Goods specified in subheading note 3 to chapter 38, containing PCBs, PCTs or PBBs, other than chlorinated only, nesoi",New (added in July)
3824.83.00,"Containing tris(2,3-dibromopropyl) phosphate",New (added in July)
3824.84.00,"Other mixtures containing aldrin, camphechlor (toxaphene), chlordane, chlordecone, DDT (clofenatone), 1,1,1-trichloro-2,2-bis(p- chlorophenyl)ethane), dieldrin, endosulfan, endrin, heptachlor or mirex",New (added in July)
3824.85.00,"Mixtures containing 1,2,3,4,5,6- hexachlorocyclohexane (HCH (ISO)), including lindane (ISO,INN)",New (added in July)
3824.86.00,Mixtures containing pentachlorobenzene (ISO) or hexachlorobenzene (ISO),New (added in July)
3824.87.00,"Mixtures containing perfluorooctane sulfonic acid, its salts, perfluorooctane sulfonamides, or perfluorooctane sulfonyl fluoride",New (added in July)
3824.88.00,"Mixtures containing tetra-, penta-, hexa-, hepta-, or octabromodiphenyl ethers",New (added in July)
3824.89.00,Mixtures containing short-chain chlorinated paraffins,New (added in July)
3824.92.00,Polyglycol esters mixtures of methylphosphonic acid,New (added in July)
3824.99.25,"Mixtures of triphenyl sulfonium chloride, diphenyl (4-phenylthio)phenyl sulfonium chloride and (thiodi- 4,1- phenylene)bis(diphenyl sulfonium) dichloride",New (added in July)
3824.99.50,Mixtures chlorinated but not otherwise halogenated,New (added in July)
3824.99.93,"Chemical products and preparations and residual products of the chemical or allied industries, nesoi",New (added in July)
3826.00.30,Biodiesel containing less than 70 percent petroleum or bituminous oil,New (added in July)
3827.13.00,Mixtures containing carbon tetrachloride,New (added in July)
3827.14.00,Mixtures containing methyl chloroform,New (added in July)
3827.40.00,Mixtures containing bromomethane or bromochloromethane,New (added in July)
3905.91.50,"Copolymers of vinyl esters or other vinyls, in primary forms, nesoi",New (added in July)
3907.29.00,"Polyethers, other than polyacetals or bis(polyoxyethylene) methylphosphonate, in primary forms",New (added in July)
3907.30.00,Epoxide resins in primary forms,New (added in July)
3907.61.00,"Polyethylene terephthalate, having a viscosity number of 78 ml/g or higher",New (added in July)
3907.69.00,"Polyethylene terephthalate, having a viscosity number less than 78 ml/g",New (added in July)
3907.99.50,"Other polyesters nesoi, saturated, in primary forms",New (added in July)
3908.90.20,Bis(4-amino-3- methylcyclohexyl)methaneisophthalic acid- laurolactam copolymer,New (added in July)
3909.10.00,Urea resins; thiourea resins,New (added in July)
3909.40.00,Phenolic resins,New (added in July)
3910.00.00,Silicones in primary forms,New (added in July)
3911.20.00,"Poly(1,3-phenylene methylphosphonate)",New (added in July)
3911.90.45,"Thermosetting polysulfides, polysulfones and other products specified in note 3 to chapter 39, containing aromatic monomer units or derived therefrom",New (added in July)
3912.20.00,"Cellulose nitrates (including collodions), in primary forms",New (added in July)
3914.00.20,Cross-linked polyvinylbenzyltrimethylammonium chloride (Cholestyramine resin USP),New (added in July)
4113.30.30,"Reptile leather, not fancy, further prepared after tanning or crusting, other than leather of heading 4114",New (added in July)
4113.30.60,"Reptile leather, fancy, further prepared after tanning or crusting, other than leather of heading 4114",New (added in July)
4113.90.30,"Leather of animals nesoi, without hair on, not fancy, further prepared after tanning or crusting, other than leather of heading 4114",New (added in July)
4113.90.60,"Leather of animals nesoi, without hair on, fancy, further prepared after tanning or crusting, other than leather of heading 4114",New (added in July)
4403.98.00,"Eucalyptus wood in the rough/roughly squared, not treated with preservatives",New (added in July)
4407.99.0295,"Nonconiferous wood, nesoi, sawn or chipped lengthwise, sliced or peeled, over 6 mm thick; other",New (added in July)
4412.33.57,"Eucalyptus plywood sheets n/o 6mm thick, outerply of specified nonconiferous wood including birch and walnut, surface covered beyond clear/transparen",New (added in July)
6309.00.00,Worn clothing and other worn articles,New (added in July)
7112.30.01,"Ash containing precious metals or precious metal compounds, other than goods of e-waste heading 8549",New (added in July)
7201.10.00,Nonalloy pig iron containing by weight 0.5 percent or less of phosphorus,New (added in July)
7201.20.00,Nonalloy pig iron containing by weight more than 0.5 percent of phosphorus,New (added in July)
7201.50.30,Alloy pig iron in blocks or other primary forms,New (added in July)
7203.10.00,Ferrous products obtained by direct reduction of iron ore,New (added in July)
7203.90.00,"Spongy ferrous products, in lumps, pellets or like forms; iron of a minimum purity by weight of 99.94% in lumps, pellets or like forms",New (added in July)
7204.10.00,Cast iron waste and scrap,New (added in July)
7204.29.00,Alloy steel (o/than stainless) waste and scrap,New (added in July)
7204.30.00,Tinned iron or steel waste and scrap,New (added in July)
7204.41.00,"Ferrous turnings, shavings, chips, milling wastes, sawdust, fillings, trimmings and stampings, whether or not in bundles",New (added in July)
7204.49.00,Ferrous waste and scrap nesoi,New (added in July)
7204.50.00,Iron or steel remelting scrap ingots,New (added in July)
7602.00.00,"Aluminum, waste and scrap",New (added in July)
8112.99.20,"Vanadium, nesoi, and articles thereof",New (added in July)
8549.13.00,"Waste/scrap of batteries/accumulators; spent batteries/accumulators (o/t lead-acid), sorted and not containing lead/cadmium/mercury",New (added in July)
9030.82.00,"Instruments and apparatus for measuring or checking electrical quantities, nesoi: for measuring or checking semiconductor wafers or devices",New (added in July)
9031.41.00,Optical measuring/checking instruments/appliances for inspecting semiconductor wafers/devices or photomasks/reticle used to mfg such devices,New (added in July)
9031.49.70,Optical instrument & appliance: to inspect masks (not photomask) used to mfg semiconductor devices; to measure contamination on such devices,New (added in July)
9601.90.20,"Shell, worked and articles thereof",New (added in July)
9701.21.00,"Paintings, drawings (o/than of 4906) and pastels, executed entirely by hand, of an age exceeding 100 years",New (added in July)
9701.22.00,"Mosaics, of an age exceeding 100 years",New (added in July)
9701.29.00,"Collages and similar decorative plaques, executed entirely by hand, of an age exceeding 100 years",New (added in July)
9701.91.00,"Paintings, drawings (o/than of 4906) and pastels, executed entirely by hand, of an age 100 years or less",New (added in July)
9701.92.00,"Mosaics, of an age 100 years or less",New (added in July)
9701.99.00,"Collages and similar decorative plaques, executed entirely by hand, of an age 100 years or less",New (added in July)
9702.10.00,"Original engravings, prints and lithographs, whether or not framed, of an age exceeding 100 years",New (added in July)
9702.90.00,"Original engravings, prints and lithographs, whether or not framed, of an age 100 years or less",New (added in July)
9703.10.00,"Original sculptures and statuary, in any material, of an age exceeding 100 years",New (added in July)
9703.90.00,"Original sculptures and statuary, in any material, of an age 100 years or less",New (added in July)
9704.00.00,"Postage or revenue stamps, stamp-postmarks, first- day covers, postal stationery, and the like, used or unused, other than heading 4907",New (added in July)
9705.10.00,"Collections and collectors' pieces of archeological, ethnographic or historical interest",New (added in July)
9705.21.00,"Collections and collectors' pieces of zoological, botanical, mineralogical, anatomical interest, human specimens and parts thereof",New (added in July)
9705.22.00,"Collections and collectors' pieces of zoological, botanical, mineralogical, anatomical interest, extinct or endangered species and parts thereof",New (added in July)
9705.29.00,"Collections and collectors' pieces of zoological, botanical, mineralogical, anatomical interest, o/than human specimens or extinct/endangered species",New (added in July)
9705.31.00,"Collections and collectors' pieces of numismatic interest, of an age exceeding 100 years",New (added in July)
9705.39.00,"Collections and collectors' pieces of numismatic interest, of an age 100 years or less",New (added in July)
9706.10.00,Antiques of an age exceeding 250 years,New (added in July)
9706.90.00,Antiques of an age exceeding 100 years but not exceeding 250 years,New (added in July)
